ID;Text;Label
D2-1;A covalent bond is a chemical bond that involves the sharing of electrons to form electron pairs between atoms. These electron pairs are known as shared pairs or bonding pairs. The stable balance of attractive and repulsive forces between atoms, when they share electrons, is known as covalent bonding. For many molecules, the sharing of electrons allows each atom to attain the equivalent of a full valence shell, corresponding to a stable electronic configuration. In organic chemistry, covalent bonding is much more common than ionic bonding. Covalent bonding also includes many kinds of interactions, including σ-bonding, π-bonding, metal-to-metal bonding, agostic interactions, bent bonds, three-center two-electron bonds and three-center four-electron bonds.;Human
D2-2;A covalent bond forms when two atoms share one or more pairs of electrons, rather than transferring them as happens in ionic bonds. This sharing allows each atom to achieve a more stable electron configuration. Covalent bonds are fundamental to the chemistry of life - they hold together molecules like water, DNA, proteins, and carbohydrates. The strength and directionality of these bonds determine a molecule's shape, which in turn influences how it behaves and interacts with other molecules. Without covalent bonds, complex organic chemistry simply wouldn't exist, making them essential to biology, medicine, materials science, and countless industrial applications.;Anthropic
D2-3;A covalent bond is a type of chemical bond where two atoms share one or more pairs of electrons to achieve stability. This typically occurs between nonmetal atoms, allowing them to fill their outer electron shells. Covalent bonds can be single, double, or triple, depending on the number of shared electron pairs. They are essential in forming molecules like water (H₂O), oxygen (O₂), and carbon dioxide (CO₂). These bonds can be polar, where electrons are shared unequally (as in H₂O), or nonpolar, where electrons are shared equally (as in O₂). Covalent bonds are generally strong and play a crucial role in biological molecules like DNA, proteins, and carbohydrates.;OpenAI
D2-4;A covalent bond is a chemical bond that involves the sharing of electron pairs between atoms. This type of bond is typically formed between non-metal atoms and is characterized by the mutual attraction between the shared electrons and the nuclei of the participating atoms. Covalent bonds are relevant in understanding the structure and properties of molecules, as they determine the shape, polarity, and reactivity of the molecules, which in turn affects the physical and chemical properties of the substances they form, playing a crucial role in various fields such as chemistry, biology, and materials science.;Meta
D2-5;Driven by exciting developments in the field of nanotechnology, which is one of the most prominent research areas of our time, the demand of novel materials with precisely adjustable properties and structures has steadily increased, especially for the construction of electronic devices. The current approach following continuous downsizing of the structural patterns of silica-based semiconductors and other nanoelectronic devices is intrinsically limited by physical laws (top-down approach). To overcome this particular and important problem a promising, but chemically rather challenging alternative, the so called bottom-up approach, is nowadays extensively investigated. The underlying principle of this method is the linkage of nano-sized building block units to create larger areas of defined and highly ordered nanostructures.;Human
D2-6;"Ionic bonding results from the electrostatic attraction of oppositely charged ions that are typically produced by the transfer of electrons between metallic and nonmetallic atoms. A different type of bonding results from the mutual attraction of atoms for a “shared” pair of electrons. Such bonds are called covalent bonds. Covalent bonds are formed between two atoms when both have similar tendencies to attract electrons to themselves (i.e., when both atoms have identical or fairly similar ionization energies and electron affinities). For example, two hydrogen atoms bond covalently to form an H2 molecule; each hydrogen atom in the H2 molecule has two electrons stabilizing it, giving each atom the same number of valence electrons as the noble gas";Human
D2-7;Plate tectonics is the scientific theory explaining how Earth's lithosphere—the rigid outer layer consisting of the crust and uppermost mantle—is divided into several large and small plates that move relative to one another. These plates float on the semi-fluid asthenosphere beneath them, driven primarily by convection currents in the mantle. Where plates meet, three main types of boundaries form: convergent (plates collide, creating mountains and subduction zones), divergent (plates separate, forming rifts and mid-ocean ridges), and transform (plates slide past each other, causing earthquakes). This continuous movement, occurring at rates of 1-15 cm annually, explains diverse geological phenomena including mountain formation, earthquakes, volcanic activity, and continental drift. Developed in the 1960s, plate tectonics revolutionized our understanding of Earth's dynamic surface.;Anthropic
D2-8;"Plate tectonics is a fundamental scientific theory explaining the large-scale movements of Earth's lithosphere. Our planet's rigid outer shell is not a single piece but is broken into several large and smaller plates, comprising both continental and oceanic crust. These colossal plates are constantly, albeit slowly, gliding over the semi-fluid asthenosphere below them, driven primarily by convection currents within Earth's mantle. The interactions at plate boundaries are responsible for most of the major geological features and phenomena we observe. Where plates pull apart, new crust is formed; where they collide, mountains rise and one plate often subducts beneath another, leading to deep ocean trenches, earthquakes, and volcanic activity. This ongoing process reshapes the Earth's surface over millions of years.";Google
D2-9;Tectonic plates are relatively rigid and float across the ductile asthenosphere beneath. Lateral density variations in the mantle result in convection currents, the slow creeping motion of Earth's solid mantle. At a seafloor spreading ridge, plates move away from the ridge, and the newly formed crust cools as it moves away, increasing its density and contributing to the motion. At a subduction zone, the relatively cold, dense oceanic crust sinks down into the mantle, forming the downward convecting limb of a mantle cell, which is the strongest driver of plate motion. The relative importance and interaction of other proposed factors such as active convection, upwelling inside the mantle, and tidal drag of the Moon is still the subject of debate.;Human
D2-10;At present, young oceanic lithosphere is positively buoyant, and it does not become negatively buoyant until it is older than about 20 m.y. If, in the past, the mantle was hotter, the oceanic crust would have been thicker and the lithosphere's age of neutral buoyancy greater. On the other hand, the hotter mantle would have had a lower viscosity and convected faster, so the average age of oceanic plates at subduction would have been less than the present 100 m.y. At some time in the past, average oceanic lithosphere would have only just become negatively buoyant as it reached a subduction zone.;Human
D2-11;"Plate tectonics is the scientific theory that explains the movement of Earth’s lithospheric plates, which float on the semi-fluid asthenosphere beneath them. These plates constantly shift due to convection currents in the Earth’s mantle, leading to interactions at their boundaries. There are three main types of plate boundaries: divergent, where plates move apart (forming mid-ocean ridges); convergent, where they collide (creating mountains or subduction zones); and transform, where they slide past each other (causing earthquakes). Plate tectonics is responsible for earthquakes, volcanic activity, mountain formation, and continental drift. It also plays a crucial role in Earth’s climate regulation and geological evolution, shaping the planet’s surface over millions of years.";OpenAI
D2-12;"Developed from the 1950s through the 1970s, plate tectonics is the modern version of continental drift, a theory first proposed by scientist Alfred Wegener in 1912. Wegener didn't have an explanation for how continents could move around the planet, but researchers do now. Plate tectonics is the unifying theory of geology, said Nicholas van der Elst, a seismologist at Columbia University's Lamont-Doherty Earth Observatory in Palisades, New York. ""Before plate tectonics, people had to come up with explanations of the geologic features in their region that were unique to that particular region,"" Van der Elst said. ""Plate tectonics unified all these descriptions and said that you should be able to describe all geologic features.""";Human
D2-13;Introductory textbooks contrast Lamarckism with Charles Darwin's theory of evolution by natural selection. However, Darwin's book On the Origin of Species gave credence to the idea of heritable effects of use and disuse, as Lamarck had done, and his own concept of pangenesis similarly implied soft inheritance. Many researchers from the 1860s onwards attempted to find evidence for Lamarckian inheritance, but these have all been explained away,[4][5] either by other mechanisms such as genetic contamination or as fraud. August Weismann's experiment, considered definitive in its time, is now considered to have failed to disprove Lamarckism, as it did not address use and disuse. Later, Mendelian genetics supplanted the notion of inheritance of acquired traits´.;Human
D2-14;The first meaning of Lamarckism is the notion that acquired characters can or will be inherited. Jean Baptiste de Lamarck strongly promoted this idea, but it was not original to him.Footnote2 We discuss this notion of Lamarckism extensively below. A second strong theme in the writings of Lamarck, which he developed rather than originated, is the idea that evolution involves increasing complexity. Although later Lamarckians such as Herbert Spencer took up this idea, it has today grown beyond its Lamarckian associations, and is rarely associated specifically with the Lamarckian label. A third use of the Lamarckian label associates it with the emphasis on will, choice, anticipation, or volitional activity in the process of evolutionary change. ;Human
D2-15;Lamarck’s theory of evolution, proposed by Jean-Baptiste Lamarck in the early 19th century, suggested that organisms evolve through the inheritance of acquired characteristics. He believed that traits developed during an organism’s lifetime, due to use or disuse, could be passed on to offspring. For example, he theorized that giraffes developed long necks because they stretched to reach higher leaves, and this trait was inherited by their descendants. While his ideas were later disproven by modern genetics and Darwin’s theory of natural selection, Lamarck played a key role in early evolutionary thought. His work contributed to the understanding that species change over time, even though the mechanism he proposed was incorrect.;OpenAI
D2-16;It remains to be seen whether or not epigenetics will actually have any significant impact as an evolutionary mechanism. The issue is that, so far, we have no evidence that epigenetic alterations can persist over evolutionarily relevant periods of time. The alterations in gene expression that occur in the offspring are wholly reversible, and while there are some examples where we see the changes linger over a handful of generations, most of the time they are erased by the time the affected offspring has its own offspring. Barring additional mutations (which is a Neo-Darwinian mechanism) there is no permanent alteration in the heritable information passed down to future generations in the long term.;Human
D2-17;Jean-Baptiste Lamarck's theory of evolution, proposed in the early 19th century, centers on two key principles: the law of use and disuse, and the inheritance of acquired characteristics. Lamarck suggested that organisms develop traits based on their needs, with frequently used body parts becoming stronger and enlarged, while unused parts atrophy. Crucially, he claimed these acquired modifications could be passed to offspring. His classic example described giraffes stretching to reach high leaves, gradually elongating their necks over generations. Lamarck also proposed that all organisms have an inherent drive toward increasing complexity. Though largely discredited by modern genetics—which shows acquired physical changes don't alter heritable DNA—his work represented an important early attempt to explain species adaptation and diversity.;Anthropic
D2-18;Lamarck's theory of evolution, often called Lamarckism, proposed that organisms change over time primarily through two mechanisms. Firstly, the principle of 'use and disuse' stated that parts of an organism's body used more often would develop and strengthen, while those not used would weaken and shrink. Secondly, and critically, these 'acquired characteristics' - changes that an individual organism developed during its lifetime - were then passed on to its offspring. For example, he suggested that giraffes acquired long necks by stretching to reach higher leaves, and this acquired longer neck was subsequently inherited by the next generation, gradually leading to the species we see today. This idea contrasts sharply with Darwinian natural selection.;Google
D2-19;Lamarck's theory of evolution proposes that organisms can pass on characteristics they acquire during their lifetime to their offspring. He suggested that organisms have an innate drive to become more complex, and that they can develop new traits through use or disuse of body parts. For example, giraffes may have developed long necks by stretching to reach food, and then passed this trait on to their offspring. This theory was later challenged by Darwin's theory of natural selection, which emphasizes the role of environmental pressures in shaping the evolution of species over time, through a process of variation and adaptation.;Meta
D2-20;The equation commonly called the Michaelis–Menten equation is sometimes attributed to other authors. However, although Victor Henri had derived the equation from the correct mechanism, and Adrian Brown before him had proposed the idea of enzyme saturation, it was Leonor Michaelis and Maud Menten who showed that this mechanism could also be deduced on the basis of an experimental approach that paid proper attention to pH and spontaneous changes in the product after formation in the enzyme-catalysed reaction. By using initial rates of reaction they avoided the complications due to substrate depletion, product accumulation and progressive inactivation of the enzyme that had made attempts to analyse complete time courses very difficult.;Human
D2-21;A system in a steady state condition is ordinarily one in which there is a continuous flow of matter and energy through it but where none of the rates or concentrations change with time. That is never the case in a typical enzyme kinetics experiment where you start with a solution of enzyme, substrate, and buffer and the reaction continues with steadily changing reaction rate, substrate concentration, and product concentration until it reaches an equilibrium and there is no longer any net reaction. That equilibrium is a very special case of steady state. However inside a cell there may be situations that persist for a while where, for example, a constant input of glucose transported into the cell. ;Human
D2-22;Michaelis-Menten kinetics, developed by Leonor Michaelis and Maud Menten in 1913, describes the rate of enzyme-catalyzed reactions involving single substrate transformation into products. The model mathematically relates reaction velocity to substrate concentration through a hyperbolic curve characterized by two key parameters: the maximum reaction rate (Vmax) when all enzyme is saturated, and the Michaelis constant (KM), which equals the substrate concentration at half-maximum velocity. This relationship is expressed by the equation: v = (Vmax[S])/(KM + [S]), where v is reaction velocity and [S] is substrate concentration At low substrate concentrations, the reaction is first-order with respect to substrate, while at high concentrations, it approaches zero-order kinetics as the enzyme becomes saturated.;Anthropic
D2-23;Michaelis-Menten enzyme kinetics describes how enzymes catalyze reactions by forming an enzyme-substrate complex. It explains the relationship between substrate concentration and reaction rate using the Michaelis-Menten equation: V = V_max [S]/{K_m + [S]), where V is the reaction rate, Vₘₐₓ is the maximum velocity, [S] is the substrate concentration, and Kₘ (Michaelis constant) represents the substrate concentration at half Vₘₐₓ. A low Kₘ indicates high enzyme affinity for the substrate, while a high Kₘ suggests lower affinity. This model assumes steady-state conditions and is fundamental in understanding enzyme efficiency, inhibition, and drug design. However, it applies mainly to simple, single-substrate reactions and does not account for complex enzyme behaviors.;OpenAI
D2-24;Enzyme kinetics is the study of the rates of enzyme-catalysed chemical reactions. In enzyme kinetics, the reaction rate is measured and the effects of varying the conditions of the reaction are investigated. Studying an enzyme's kinetics in this way can reveal the catalytic mechanism of this enzyme, its role in metabolism, how its activity is controlled, and how a drug or a modifier (inhibitor or activator) might affect the rate. An enzyme (E) is a protein molecule that serves as a biological catalyst to facilitate and accelerate a chemical reaction in the body. It does this through binding of another molecule, its substrate (S), which the enzyme acts upon to form the desired product.;Human
D2-25;"Michaelis-Menten kinetics provides a foundational model describing the rate of enzyme-catalyzed reactions in relation to substrate concentration. It illustrates that at low substrate levels, the reaction rate increases linearly as more enzyme active sites bind substrate. However, as substrate concentration rises, the enzyme's active sites eventually become fully occupied. At this point, the reaction velocity reaches its maximum, known as Vmax, as the enzyme is working at its fastest possible rate. The model also introduces Km, the Michaelis constant, which represents the substrate concentration required to achieve half of Vmax. Km is inversely related to the enzyme's affinity for its substrate; a lower Km indicates a higher affinity. This framework is crucial for characterizing enzyme efficiency and substrate binding.";Google
D2-26;The H5N1 virus is a highly pathogenic strain of avian influenza (bird flu) that primarily affects birds but can infect humans and other animals. It was first detected in geese in China in 1996 and has since caused outbreaks in poultry worldwide. Human infections are rare but can be severe, with a high fatality rate, often due to respiratory complications. Transmission occurs mainly through direct contact with infected birds or contaminated environments, but human-to-human spread is very limited. Symptoms include fever, cough, sore throat, and severe pneumonia. Due to its potential to mutate and cause a pandemic, H5N1 is closely monitored by health organizations, and vaccines are being developed to counter its threat.;OpenAI
D2-27;Ongoing outbreaks of H5N1 avian influenza in migratory waterfowl, domestic poultry, and humans in Asia during the summer of 2005 present a continuing, protean pandemic threat. We review the zoonotic source of highly pathogenic H5N1 viruses and their genesis from their natural reservoirs. The acquisition of novel traits, including lethality to waterfowl, ferrets, felids, and humans, indicates an expanding host range. The natural selection of nonpathogenic viruses from heterogeneous subpopulations cocirculating in ducks contributes to the spread of H5N1 in Asia. Transmission of highly pathogenic H5N1 from domestic poultry back to migratory waterfowl in western China has increased the geographic spread. The spread of H5N1 and its likely reintroduction to domestic poultry increase the need for good agricultural vaccines.;Human
D2-28;"Since 2020, outbreaks of avian influenza subtype H5N1 have been occurring, with cases reported from every continent except Australia as of February 2025. Some species of wild aquatic birds act as natural asymptomatic carriers of a large variety of influenza A viruses, which can infect poultry, other bird species, mammals (including humans) if they come into close contact with infected feces or contaminated material, or by eating infected birds. In late 2023, H5N1 was discovered in the Antarctic for the first time, raising fears of imminent spread throughout the region, potentially leading to a ""catastrophic breeding failure"" among animals that had not previously been exposed to avian influenza viruses.";Human
D2-29;H5N1 is a highly pathogenic avian influenza virus that has been affecting numerous wild and domestic bird species worldwide over past decades. Since 1996, it has circulated in at least 23 countries, spreading from Europe to North America in late 2021 and to South America in 2022, where it devastated bird populations and marine mammals. The situation has become more concerning recently with H5N1 adapting to new mammalian hosts There have been several concerning reports in 2024 including the first H5N1-related human death in the United States, reported by the Louisiana Department of Health in 2025. Scientists consider H5N1 a strong contender to cause the next human influenza pandemic. The primary concern is the virus's ongoing adaptation to mammals.;Anthropic
D2-30;"Asian HPAI H5N1 was first detected in humans in 1997 during a poultry outbreak in Hong Kong and has since been detected in poultry and wild birds in more than 50 countries in Africa, Asia, Europe, and the Middle East. H5N1 is a type of influenza virus called avian influenza (or ""bird flu""). Human cases of avian influenza occur occasionally, viruses infect the respiratory tract of humans, causing severe illness (e.g. pneumonia and respiratory failure) and death in some people. Asian flu is most often contracted by contact with sick birds. It can also be passed from person to person. Symptoms begin within two to eight days, and can seem like the common flu.";Human
D2-31;A biological system in steady-state is one where the concentrations of its various components remain relatively constant over time, even though there is a continuous flow of energy and matter through the system. Unlike a system at thermodynamic equilibrium, a steady-state biological system is actively maintaining its conditions by constantly consuming energy to drive metabolic processes and counteract tendencies towards disorder. It's a dynamic non-equilibrium state where the rates of formation and breakdown (or input and output) for each component are balanced. For instance, a cell maintains stable internal pH or ion concentrations by continuously pumping ions across membranes or adjusting metabolic pathways, always expending energy to keep these crucial parameters within tight ranges vital for life.;Google
D2-32;A biological system in steady-state is a system where the rates of processes occurring within it are balanced, resulting in no net change over time. This means that the input and output of the system are equal, and the concentrations of the components remain constant. The system is not in equilibrium, as reactions are still occurring, but the forward and reverse rates are equal, maintaining a stable state. This balance allows the system to function optimally, and it can respond to changes in the environment without depleting its resources or accumulating waste products excessively. This is crucial for its survival.;Meta
D2-33;Polyphenols are a diverse group of naturally occurring organic compounds found abundantly in plants, where they act as secondary metabolites. These fascinating molecules are responsible for the vibrant colors in many fruits and vegetables, and are plentiful in foods like berries, grapes, apples, tea, coffee, wine, and dark chocolate. In their plant hosts, polyphenols play crucial protective roles, shielding them from UV radiation, pathogens, and oxidative stress. For human health, they are highly valued for their potent antioxidant and anti-inflammatory properties. Consuming a diet rich in polyphenols is associated with numerous benefits, including a reduced risk of chronic conditions such as heart disease, type 2 diabetes, and certain cancers, by combating cellular damage and inflammation within the body.;Google
D2-34;"Anthocyanins are a fascinating class of water-soluble pigments belonging to the flavonoid family, renowned for imbuing many fruits, vegetables, and flowers with their vibrant red, purple, and blue hues. Think of the deep color in blueberries, red cabbage, raspberries, or eggplant skins – that's often due to anthocyanins. Their relevance extends far beyond mere aesthetics; they play crucial roles both in nature and for human health. In plants, anthocyanins act as protective agents, shielding against environmental stressors like UV radiation, drought, and cold temperatures. For humans, these compounds are potent antioxidants and anti-inflammatory agents. Consuming anthocyanin-rich foods is associated with numerous health benefits, including improved cardiovascular health, enhanced cognitive function, and potential protection against certain chronic diseases.";Google
D2-35;Polyphenols are a group of naturally occurring compounds found in plants. They are characterized by their chemical structure and have been recognized for their potential health benefits. Polyphenols act as antioxidants, meaning they can help protect cells from damage caused by free radicals. Polyphenols have gained significant attention due to their potential antioxidant and anti-inflammatory effects. They can act as antioxidants by scavenging and neutralizing harmful free radicals in the body, thereby protecting cells from oxidative damage. Polyphenols are found in a wide variety of plant-based foods, including: Fruits: Berries (such as blueberries, strawberries, raspberries, and blackberries), cherries, grapes, apples, pears, citrus fruits (such as oranges, lemons, and grapefruits), pomegranates, and avocados.;Human
D2-36;"The anthocyanins present in blackberries and raspberries are important for the beneficial health effects associated with their antioxidant, anti-inflammatory, and chemopreventative properties; the biological activity of black raspberry against esophageal, colon, and oral cancers has been demonstrated. It has long been established that cyanidin-3-glucoside and cyanidin-3-rutinoside are the respective major and minor anthocyanins in blackberries (Fan-Chiang and Wrolstad, 2005). It is also known that cyanidin-3-sambubioside, cyanidin-3-glucoside, cyanidin-3-xylosylrutinoside and cyanidin-3-rutinoside are commonly found in black raspberries. In addition to anthocyanins, these fruits are also a rich natural source of other chemopreventative phytochemicals such as flavonols, phenolic acids, ellagic acid, vitamins C and E, folic acid and β-sitosterol.";Human
D2-37;Anthocyanins are powerful pigments responsible for the red, purple, and blue colors of many fruits and vegetables. They are a type of flavonoid, a class of plant compounds known for their antioxidant properties. As antioxidants, anthocyanins help protect cells from damage caused by free radicals, which can contribute to various diseases. The presence of anthocyanins has been linked to several health benefits, including reducing inflammation and improving cardiovascular health. These pigments are also being studied for their potential role in preventing certain types of cancer and other diseases, making them a promising area of research.;Meta
D2-38;"Anthocyanins are found in the cell vacuole, mostly in flowers and fruits, but also in leaves, stems, and roots. In these parts, they are found predominantly in outer cell layers such as the epidermis and peripheral mesophyll cells. Most frequently occurring in nature are the glycosides of cyanidin, delphinidin, malvidin, pelargonidin, peonidin, and petunidin. Roughly 2% of all hydrocarbons fixed in photosynthesis are converted into flavonoids and their derivatives, such as the anthocyanins. Not all land plants contain anthocyanin; in the Caryophyllales (including cactus, beets, and amaranth), they are replaced by betalains. Anthocyanins and betalains have never been found in the same plant.";Human
D2-39;Anthocyanins are pigments belonging to the flavonoid family, responsible for the red, purple, and blue colors in many fruits, vegetables, and flowers. Found in berries, grapes, red cabbage, and black rice, they serve as antioxidants, helping to neutralize free radicals and reduce oxidative stress. Studies suggest anthocyanins may have potential health benefits, including anti-inflammatory, cardiovascular, neuroprotective, and anti-cancer properties. They may also support eye health, improve cognitive function, and help regulate blood sugar levels. Additionally, their natural pigmentation makes them useful as natural food colorants. Ongoing research explores their role in disease prevention and their potential applications in functional foods and pharmaceuticals.;OpenAI
D2-40;Anthocyanins are water-soluble plant pigments belonging to the flavonoid family that create the vivid red, purple, and blue colors in fruits, vegetables, and flowers. Abundant in berries, grapes, red cabbage, and purple sweet potatoes, these compounds represent one of nature's most powerful antioxidant classes. Research indicates significant health-promoting potential, including anti-inflammatory, cardioprotective, and neuroprotective properties. Studies suggest anthocyanins may help manage diabetes by improving insulin sensitivity, reduce cancer risk through multiple mechanisms, and support vision health. Their pH-sensitive color-changing properties make them valuable as natural food colorants and pH indicators in various applications. The food industry increasingly uses anthocyanin-rich extracts as alternatives to synthetic dyes, while researchers continue exploring their pharmaceutical potential in preventing chronic diseases.;Anthropic
D2-41;The evolutionary mechanisms that lead to codon reassignment and emergence of deviant codes are not thoroughly understood, but clearly they must involve changes in tRNA specificity or to the evolution of new specificities in the case of stop codon recruitment. Sengupta, Higgs, and coworkers  have captured these mechanisms within a gain and loss framework, where gain refers to acquisition of a new tRNA specificity, often following duplication of a tRNA gene, and loss refers to the elimination of a tRNA specificity, typically via deletion. There is no clear evidence that any modern code variants are associated with adaptation. Most likely, they emerge via neutral evolutionary processes, namely genetic drift and mutational pressure that drives small genomes toward low GC content.;Human
D2-42;The origin of the genetic code remains a fundamental question in evolutionary biology. It is believed to have emerged in early RNA-based life forms before the evolution of DNA and proteins. One theory suggests that the first genetic molecules were self-replicating RNA strands, which could both store information and catalyze chemical reactions. Over time, specific nucleotide sequences began coding for amino acids, leading to the formation of simple peptides. As natural selection favored more efficient protein synthesis, the code evolved into a triplet system to accommodate 20 amino acids. The universality of the genetic code suggests a common ancestor for all life, shaped by early biochemical constraints and evolutionary pressures.;OpenAI
D2-43;"Within cells, genetic information is stored in DNA molecules and RNA molecules. These molecules are made up of building blocks called nucleotides that are linked together in a chain. There are 4 kinds of nucleotide, with names beginning with letters A,C, T, and G. Messenger RNA is transcribed from sequences in the DNA called genes. Proteins are a different kind of molecule that is made of 20 different kinds of amino acid building blocks.
There is a molecular machine called a ribosome that uses a program consisting of a messenger RNA molecule. Sequences of 3 nucleotides encode one amino acid for that the ribosome puts together to make the protein. ";Human
D2-44;The emergence of the genetic code remains one of biology's greatest mysteries. The leading theory—the RNA world hypothesis—suggests that RNA initially served both as genetic material and catalyst before DNA and proteins evolved. Early protocells likely used simple nucleotide systems that gradually developed into more complex coding mechanisms. The modern code likely evolved through a process of chemical constraints, frozen accidents, and natural selection. Selection pressures would have favored error minimization, with similar amino acids often assigned to similar codons. The code's near-universality across all life forms suggests it emerged only once, about 3.5-4 billion years ago. Later refinements optimized the system, balancing robustness against mutations with translation efficiency.;Anthropic
D2-45;The Solar System faces a dramatic future over billions of years. In approximately 5-7 billion years, our Sun will exhaust its hydrogen fuel and expand into a red giant, likely engulfing Mercury and Venus. Earth may either be consumed or rendered uninhabitable as oceans and atmosphere evaporate. The outer planets will survive but experience significant changes in temperature and orbital dynamics. Eventually, the Sun will shed its outer layers, creating a planetary nebula while its core collapses into a white dwarf star. This white dwarf will slowly cool over trillions of years, leaving our former solar neighborhood incredibly dim. Any surviving planets will orbit in perpetual darkness, frozen and lifeless.;Anthropic
D2-46;"The origin of angiosperms (flowering plants) represents what Charles Darwin famously called an ""abominable mystery"" due to their apparent sudden appearance and rapid diversification in the fossil record. Modern research combines multiple lines of evidence to address this evolutionary puzzle.
The fossil record shows unequivocal angiosperm evidence beginning in the Early Cretaceous (approximately 125-130 million years ago), with remarkably diverse forms appearing within 20-30 million years. Key early fossils include Archaefructus and Montsechia, with water lily relatives among the earliest documented flowering plants. Molecular evidence, however, suggests an earlier origin than fossils indicate. DNA-based phylogenies identify Amborella, water lilies, and Austrobaileyales as the earliest-diverging lineages. Molecular clock analyses often place angiosperm origins in the Jurassic period (145-201 million years ago).";Anthropic
D2-47;"Molecular data on relationships within angiosperms confirm the view that their increasing morphological diversity through the Cretaceous reflected their evolutionary radiation. Despite the early appearance of aquatics and groups with simple flowers, the record is consistent with inferences from molecular trees that the first angiosperms were woody plants with pinnately veined leaves, multiparted flowers, uniovulate ascidiate carpels, and columellar monosulcate pollen. Molecular data appear to refute the hypothesis based on morphology that angiosperms and Gnetales are closest living relatives. Morphological analyses of living and fossil seed plants that assume molecular relationships identify glossopterids, Bennettitales, and Caytonia as angiosperm relatives; these results are consistent with proposed homologies between the cupule of glossopterids and Caytonia and the angiosperm bitegmic ovule. ";Human
D2-48;Schrödinger's cat is a famous thought experiment proposed by physicist Erwin Schrödinger in 1935 to illustrate the apparent paradoxes of quantum mechanics. It involves a hypothetical scenario where a cat is placed in a sealed box with a radioactive atom, a Geiger counter, and a poison mechanism. If the radioactive atom decays (a random quantum event), the poison is released, killing the cat. According to quantum mechanics, until observed, the radioactive atom exists in a superposition of both decayed and undecayed states. This implies the cat would be simultaneously both alive and dead until someone opens the box to check. The experiment highlights the disconnect between quantum mechanical principles and our everyday experience of reality, challenging our understanding of observation.;Anthropic
D2-49;Schrödinger's cat is a famous thought experiment designed to illustrate the paradox of quantum superposition when applied to the macroscopic world. Imagine a cat sealed in a box with a device containing a single radioactive atom, which has a 50% chance of decaying within an hour. If the atom decays, it triggers a hammer to break a vial of poison, killing the cat. According to quantum mechanics, until observed, the atom is simultaneously in a state of having decayed and not decayed. This implies, counter-intuitively, that the cat inside the box is both alive and dead at the same time.;Google
D2-50;The Schrodringer cat experiment is a thought-provoking concept in quantum mechanics, where a cat is placed in a box with a radioactive atom that has a 50% chance of decaying within a certain time frame. If it decays, a poison is released, killing the cat. According to quantum mechanics, the cat is both alive and dead until observed, highlighting the paradoxical nature of superposition. This experiment illustrates the strange implications of applying quantum principles to macroscopic objects, sparking debates about reality and observation, and remains a fundamental concept in understanding the principles of quantum mechanics.;Meta
D2-51;The overwhelming primary cause of lung cancer is smoking, accounting for approximately 80-90% of all cases. Tobacco smoke contains thousands of toxic chemicals, many of which are potent carcinogens that damage lung cells, leading to uncontrolled growth. Prolonged exposure to secondhand smoke also significantly increases the risk for non-smokers. Beyond tobacco, exposure to radon gas, a naturally occurring radioactive gas that can accumulate in homes, is the second leading cause. Other significant factors include occupational exposure to substances like asbestos, uranium, chromium, and nickel, as well as long-term inhalation of severe air pollution. While less common, a family history of lung cancer and previous radiation therapy to the chest can also contribute to an individual's risk;Google
D2-52;The Michaelis Menten enzyme kinetics is a model that describes the rate of enzymatic reactions. It proposes that the reaction rate is directly proportional to the enzyme concentration and the substrate concentration, but only up to a certain point. As the substrate concentration increases, the enzyme becomes saturated and the reaction rate reaches its maximum velocity. This model is often used to understand how enzymes work and how they can be inhibited or activated, and it is a fundamental concept in biochemistry and molecular biology, helping to explain the complex interactions between enzymes and their substrates.;Meta
D2-53;The main cause of lung cancer is tobacco smoking, which is responsible for the majority of cases, as it damages the cells in the lungs and increases the risk of tumor formation. Exposure to secondhand smoke and air pollution also contributes to the development of lung cancer. Additionally, inhalation of carcinogenic substances such as asbestos, radon, and certain chemicals can increase the risk of lung cancer. Genetic mutations and a family history of the disease can also play a role in the development of lung cancer, making it a complex and multifactorial disease. Smoking remains the leading cause.;Meta
D2-54;The main causes of lung cancer are primarily linked to smoking and environmental exposures. Tobacco smoking is the leading cause, responsible for about 85% of cases, as the harmful chemicals in smoke damage DNA in lung cells. Secondhand smoke is also a significant risk factor. Another major cause is exposure to radon gas, a naturally occurring radioactive substance that can accumulate in buildings. Occupational exposures to substances like asbestos, arsenic, and diesel exhaust also increase the risk, particularly in certain industries. Additionally, genetic factors and family history can make some individuals more susceptible, while air pollution and poor air quality further contribute to the development of lung cancer.;OpenAI
D2-55;"Einstein and Schrödinger exchanged significant ideas throughout their careers. Both physicists shared deep skepticism about the Copenhagen interpretation of quantum mechanics, maintaining a correspondence that revealed their mutual discomfort with quantum indeterminism. Einstein's famous quote, ""God does not play dice with the universe,"" echoed Schrödinger's own reservations. Their intellectual relationship flourished through letters and occasional meetings, where they discussed unified field theory and the philosophical implications of quantum mechanics. Schrödinger's cat thought experiment partially emerged from these discussions, attempting to illustrate what both considered absurdities in quantum theory. Though they never resolved their concerns about quantum mechanics, their dialogue represented one of the most profound scientific exchanges of the 20th century, challenging mainstream quantum interpretations while searching for deeper truths.";OpenAI
D2-56;"Per- and polyfluoroalkyl substances (PFAS) are a large, complex group of synthetic chemicals that have been used in consumer products worldwide since the 1950s. These compounds serve as ingredients in various everyday products, with applications ranging from industrial uses to consumer goods due to their unique water and oil-repellent properties. PFAS are often referred to as ""forever chemicals"" due to their extraordinary environmental persistence They represent persistent contaminants that are particularly challenging to address through conventional wastewater treatment processes Their persistence has made them contaminants of emerging concern in industrialized countries, where they accumulate in the environment over time. Research indicates that PFAS exposure poses significant health risks: PFAS disrupt biological membranes resulting in cellular inhibition.";Anthropic
D2-57;The variation in PFAS regulatory values across the globe can be easily addressed due to the influence of multiple scientific, technical, and social factors. The varied toxicology and the insufficient definition of PFAS exposure rate are among the main factors contributing to this discrepancy. The lack of proven standard approaches for examining PFAS in surface water, groundwater, wastewater, or solids adds more technical complexity. Although it is agreed that PFASs pose potential health risks in various media, the link between the extent of PFAS exposure and the significance of PFAS risk remain among the evolving research areas. There is a growing need to address the correlation between the frequency and the likelihood of human exposure to PFAS .;Human
D2-58;An unexpected emergent property of a complex system may be a result of the interplay of the cause-and-effect among simpler, integrated parts (see biological organisation). Biological systems manifest many important examples of emergent properties in the complex interplay of components. Traditional study of biological systems requires reductive methods in which quantities of data are gathered by category, such as concentration over time in response to a certain stimulus. Computers are critical to analysis and modelling of these data. The goal is to create accurate real-time models of a system's response to environmental and internal stimuli, such as a model of a cancer cell in order to find weaknesses in its signalling pathways.;Human
D2-59;Early lung cancer often has no symptoms and can only be detected by medical imaging. As the cancer progresses, most people experience nonspecific respiratory problems: coughing, shortness of breath, or chest pain. Other symptoms depend on the location and size of the tumor. Those suspected of having lung cancer typically undergo a series of imaging tests to determine the location and extent of any tumors. Definitive diagnosis of lung cancer requires a biopsy of the suspected tumor be examined by a pathologist under a microscope. . In addition to recognizing cancerous cells, a pathologist can classify the tumor according to the type of cells it originates from. ;Human
D2-60;"To further illustrate, Schrödinger described how one could, in principle, create a superposition in a large-scale system by making it dependent on a quantum particle that was in a superposition. He proposed a scenario with a cat in a closed steel chamber, wherein the cat's life or death depended on the state of a radioactive atom, whether it had decayed and emitted radiation or not. According to Schrödinger, the Copenhagen interpretation implies that the cat remains both alive and dead until the state has been observed. Schrödinger did not wish to promote the idea of dead-and-live cats as a serious possibility; on the contrary, he intended the example to illustrate the absurdity of the existing view of quantum mechanics";Human
D2-61;"The emergence of properties in complex systems describes how novel characteristics or behaviors arise at a collective level, which are not present in any individual component. These properties surface purely from the dynamic interactions among many simpler parts, making them unpredictable when studying components in isolation. For instance, a bird flock's intricate swirling patterns emerge from simple interaction rules between individual birds, rather than from a single leader. This phenomenon highlights how the ""whole"" can exhibit qualities profoundly different from, and often greater than, the mere sum of its parts, solely due to their collective interplay and the system's overall organization.";Google
D2-62;H5N1, also known as avian influenza, is a highly pathogenic virus that affects birds and can be transmitted to humans. The virus poses a significant threat to global health, as it has a high mortality rate in humans, with approximately 50% of reported cases resulting in death. The primary mode of transmission is through contact with infected birds, and there is a risk of the virus mutating to become more easily transmissible between humans, potentially leading to a pandemic and widespread illness. This has raised concerns among health officials and the general public alike, sparking ongoing surveillance.;Meta
D2-63;H5N1 is a highly pathogenic avian influenza virus, commonly known as bird flu, that primarily circulates among wild birds and poultry. While natural reservoirs are avian, the virus can occasionally jump to humans, typically through direct and prolonged contact with infected birds or contaminated environments. When human infection occurs, H5N1 often causes severe respiratory illness, pneumonia, and has an alarmingly high mortality rate, making it a significant public health concern. The principal threat lies in its potential to mutate into a strain that can transmit efficiently from person to person, while retaining its virulence. Such an evolutionary leap could trigger a global pandemic, posing an immense challenge to healthcare systems and economies worldwide. Ongoing surveillance and preparedness are crucial to mitigate this risk.;Google
D2-64;"The expanding Sun is expected to vaporize Mercury as well as Venus, and render Earth and Mars uninhabitable (possibly destroying Earth as well). Eventually, the core will be hot enough for helium fusion; the Sun will burn helium for a fraction of the time it burned hydrogen in the core. The Sun is not massive enough to commence the fusion of heavier elements, and nuclear reactions in the core will dwindle. Its outer layers will be ejected into space, leaving behind a dense white dwarf, half the original mass of the Sun but only the size of Earth. The ejected outer layers may form a planetary nebula, returning some of the material that formed the Sun.";Human
D2-65;The emergence of properties in complex systems refers to the phenomenon where new characteristics or behaviors arise from the interactions and organization of individual components. As simple elements interact and form complex networks, novel properties emerge that cannot be predicted from the characteristics of the individual parts. This self-organization leads to the creation of new patterns, structures, and functions that are unique to the complex system as a whole, and are often more than the sum of its individual components. This process is a fundamental aspect of complex systems.;Meta
D2-66;When the Sun enters its red giant phase in roughly five billion years, it will expand enormously, engulfing Mercury almost certainly. Venus is also very likely to be consumed or at least severely destroyed by the expanding solar envelope. Earth itself sits right on the boundary of uncertainty — some models suggest it too will be swallowed, while others indicate it might narrowly escape, though its oceans and atmosphere will be completely obliterated regardless. So saying the Sun will vaporize Mercury and Venus is broadly correct, but the full picture is somewhat more nuanced, particularly regarding Venus's fate and Earth's ambiguous destiny.;Anthropic
D2-67;Our Sun, like all stars of its type, is destined for a dramatic end-of-life transformation. In approximately five billion years, it will exhaust the hydrogen fuel in its core, leading to its expansion into a red giant. During this immense phase, the Sun's outer layers will swell dramatically, extending far beyond its current size. Current astronomical models strongly indicate that this expansion will inevitably engulf and vaporize both Mercury and Venus, drawing them into its scorching, vastly extended atmosphere. Their material will be absorbed into the Sun itself, ceasing to exist as distinct planetary bodies. While Earth might potentially avoid being completely swallowed, its surface will become utterly uninhabitable much earlier.;Google
D2-68;The expanding Sun is expected to have a profound impact on the inner planets, particularly Mercury and Venus. As the Sun exhausts its fuel, it will begin to expand, increasing in size and temperature. This expansion will ultimately lead to the vaporization of Mercury and Venus, engulfing them in a fiery blaze. The intense heat and radiation will cause the planets' surfaces to melt and vaporize, rendering them uninhabitable and eventually consuming them completely, a catastrophic fate that awaits these two planets in about 5 billion years. This event will mark a significant change in our solar system.;Meta
D2-69;Zebrafish is a small freshwater fish that plays a significant role in biology research due to its unique characteristics. It has a transparent body, rapid growth rate, and can reproduce quickly, making it an ideal model organism. Researchers use zebrafish to study developmental biology, genetics, and disease modeling, as its genetic makeup is similar to humans. Its transparency allows scientists to observe internal organs and cellular processes in real-time, providing valuable insights into various biological processes and disease mechanisms, making it a crucial tool in understanding human health and developing new treatments. Its use is widespread.;Meta
D2-70;Zebrafish have become a crucial model organism in biological and medical research due to their genetic similarity to humans and unique experimental advantages. Their embryos are transparent, allowing real-time observation of developmental processes, and they develop rapidly, with major organs forming within 24 hours. Zebrafish share about 70% of human genes, making them valuable for studying genetics, embryology, and disease mechanisms. They are widely used in research on neurological disorders, cardiovascular diseases, cancer, and drug development. Additionally, their ability to regenerate tissues, including heart and spinal cord, provides insights into regenerative medicine. Their low cost, high reproductive rate, and ease of genetic manipulation further enhance their importance in scientific research.;OpenAI
D2-71;Zebrafish (Danio rerio) have emerged as invaluable model organisms in biomedical research due to their unique combination of attributes. Their transparent embryos develop rapidly outside the mother, allowing scientists to observe developmental processes in real time. Sharing approximately 70% genetic similarity with humans, zebrafish provide insights into human diseases and development while being easier and less expensive to maintain than mammalian models. Their high fecundity—producing hundreds of embryos weekly—facilitates large-scale genetic screens and drug testing. Zebrafish have proven particularly valuable in neuroscience, cancer biology, toxicology, and regenerative medicine studies, as they can regenerate various tissues including heart, fins, and retina.;Anthropic
D2-72;The zebrafish is named for the five uniform, pigmented, horizontal, blue stripes on the side of the body, which are reminiscent of a zebra's stripes, and which extend to the end of the caudal fin. Its shape is fusiform and laterally compressed, with its mouth directed upwards. The male is torpedo-shaped, with gold stripes between the blue stripes, the female has a larger, whitish belly and silver stripes instead of gold. Adult females exhibit a small genital papilla in front of the anal fin origin. The zebrafish can reach up to 4–5 cm (1.6–2.0 in) in length, although they typically are 1.8–3.7 cm (0.7–1.5 in) in the wild with some variations depending on location.;Human
D2-73;The zebrafish is a small freshwater fish, a cyprinoid teleost, that originated in rivers in India and is common as an aquarium fish throughout the world. They are easy to maintain in aquariums, almost as easy as guppies. These striped fish can be found as graceful swimmers in virtually every pet store. The zebrafish used for the first classic screen actually originated in a Tuebingen pet store. Laboratory methods for its husbandry are well established. Its emergence as a model organism for modern biological investigation began with the pioneering work of George Streisinger and colleagues, who recognized many of the virtues of the experimental system. ;Human
D2-74;Zebrafish (Danio rerio) are small, tropical freshwater fish native to South Asia, distinctive for their horizontal blue stripes. In biology research, they are an exceptionally valuable vertebrate model organism. Their significance stems from several key attributes: their embryos develop externally and are remarkably transparent, allowing scientists to observe organ development and cellular processes in real-time without invasive procedures. They also mature rapidly, have a short generation time, and produce a large number of offspring, making them ideal for genetic studies.;Google
D2-75;Depends what field of research you are working in. For molecular biology, genetics, developmental biology, and some cancers, zebrafish is an excellent model organism. The reasons I say this is that for a field like genetics, where numbers matter a lot, they are really good since the female zebrafish can lay about 100-150 eggs at a time and can be ready for the next round of breeding in a week. So, obtaining a large sample size is really easy. Also, it takes only 2.5 months for a zebrafish to attain puberty and start breeding, thus allowing lesser wait times for the organism to grow.;Human
D2-76;"PFAS, or per- and polyfluoroalkyl substances, are synthetic chemicals with incredibly strong carbon-fluorine bonds, making them highly resistant to heat, water, and oil. This property led to their widespread use in products like non-stick coatings, waterproof fabrics, and firefighting foams. The main problem is their persistence: PFAS are ""forever chemicals"" that do not degrade in nature or the human body. Consequently, they accumulate globally in water, soil, and living organisms. Exposure is linked to serious health issues, including various cancers, thyroid disease, immune system disruption, and developmental problems, posing a significant, lasting public health threat.";Google
D2-77;PFAS, or per- and polyfluoroalkyl substances, are synthetic chemicals widely used in various products, including non-stick cookware, food packaging, and firefighting foam. The main problem with PFAS is their persistence in the environment and human bodies, as they don't break down easily. This leads to bioaccumulation, where PFAS build up over time, potentially causing health issues such as cancer, reproductive problems, and thyroid disease. Exposure to PFAS has become a significant concern, as they contaminate water sources, soil, and air, posing a long-term threat to human health and the environment. This has sparked widespread alarm and regulatory action.;Meta
D2-78;The origin of plants, specifically angiosperms, dates back to around 140 million years ago during the Cretaceous period. It is believed that they evolved from a common ancestor with gymnosperms, such as conifers and cycads. Fossil records show that early angiosperms were small, simple flowering plants that gradually diversified and spread across the globe. Over time, they developed complex flowers, fruits, and seeds, allowing them to adapt to various environments and eventually dominate many ecosystems, playing a crucial role in supporting life on Earth as we know it today. This process was gradual and ongoing.;Meta
D2-79;"Angiosperms, commonly known as flowering plants, represent the most diverse and dominant group of plants on Earth today. Their origin, a topic famously dubbed ""an abominable mystery"" by Charles Darwin due to their seemingly rapid diversification in the fossil record, is now better understood. Scientists believe angiosperms evolved from an extinct group of seed plants, likely an ancient gymnosperm lineage or a common ancestor, during the Early Cretaceous period, approximately 145 to 100 million years ago. Their remarkable success stemmed from key evolutionary innovations, primarily the development of the flower for more efficient pollination and the fruit for enhanced seed dispersal, allowing them to rapidly colonize and diversify into nearly every terrestrial ecosystem.";Google
D2-80;An anticyclone is a weather system characterized by high atmospheric pressure at its center, causing air to descend and spread outward. This descending air inhibits cloud formation, leading to clear skies and stable weather conditions. In the Northern Hemisphere, anticyclones rotate clockwise, while in the Southern Hemisphere, they rotate counterclockwise, due to the Coriolis effect. They often bring dry, calm, and sunny weather, but in winter, they can cause cold temperatures and fog. Anticyclones can last for days or even weeks, influencing regional climates by blocking storm systems. These systems contrast with cyclones, which involve low pressure and rising air, often leading to storms and heavy precipitation.;OpenAI
D2-81;High-pressure areas form due to downward motion through the troposphere, the atmospheric layer where weather occurs. Preferred areas within a synoptic flow pattern in higher levels of the troposphere are beneath the western side of troughs. On weather maps, these areas show converging winds (isotachs), also known as convergence, near or above the level of non-divergence, which is near the 500 hPa pressure surface about midway up through the troposphere, and about half the atmospheric pressure at the surface. High pressure systems are also called anticyclones. On English-language weather maps, high-pressure centers are identified by the letter H in English, within the isobar with the highest pressure value.;Human
D2-82;"Cyclones are typically regions of bad weather; anticyclones are usually meteorologically quiet and calm regions. Anticyclones are downward air motions and provide dry stable air that may extend horizontally over a location. It affects the weather pattern as anticyclonic circulation is opposed to the Earth's rotation. Winds, generally light, circulate the high-pressure center in a clockwise direction in the Northern Hemisphere and anticlockwise in the Southern Hemisphere. Air at the center of an anticyclone is moved away from the high pressure and is replaced in the center by a downward draft of air from higher altitudes. As this air moves downward, it is compressed and warmed, resulting in few clouds and low humidity in the anticyclone.";Human
D2-83;"An anticyclone is a weather system characterized by high atmospheric pressure at its center, with air sinking and spiraling outward. Unlike cyclones, which bring stormy and unsettled weather, anticyclones are typically associated with calm, stable conditions. In the Northern Hemisphere, air circulates clockwise around an anticyclone; in the Southern Hemisphere, it moves counterclockwise. They tend to bring clear skies, light winds, and dry weather, making them responsible for prolonged sunny spells in summer and cold, frosty conditions in winter. Anticyclones can remain stationary for days or even weeks, significantly influencing regional climate patterns over extended periods.";Anthropic
D2-84;An anticyclone is a high-pressure weather system where air descends slowly from the upper atmosphere towards the Earth's surface. As this air sinks, it compresses, warms, and dries out, becoming very stable. This stability is a key characteristic, as it suppresses the formation of clouds and precipitation. Consequently, anticyclones are typically associated with long periods of calm, clear, and often sunny weather. In summer, they can bring heatwaves, while in winter, they often lead to cold, frosty conditions, sometimes accompanied by fog or haze near the ground due to temperature inversions. Winds around an anticyclone circulate clockwise in the Northern Hemisphere and counter-clockwise in the Southern Hemisphere.;Google
D2-85;An anticyclone is a high-pressure system where the air pressure is higher than the surrounding areas, resulting in a gentle flow of air outward from the center. This occurs when a mass of air sinks, becoming denser and creating a region of high pressure near the ground. As the air rises, it cools and contracts, ultimately sinking back down to the surface, creating a continuous cycle. Anticyclones are typically associated with clear skies, light winds, and fair weather, often bringing a sense of calm and stability to the atmosphere, contrasting with the low-pressure systems of cyclones.;Meta
D2-86;Epigenetic regulation plays a fascinating role in how giant pandas have adapted to their highly specialized bamboo diet, despite being biologically carnivorous. Changes in DNA methylation and histone modification patterns have helped regulate genes related to digestion, taste perception, and gut microbiome composition without altering the underlying genetic code itself. These epigenetic shifts allow pandas to suppress certain carnivore-related metabolic pathways while enhancing others suited to processing fibrous plant material. Researchers also suspect epigenetic mechanisms influence their notoriously low reproductive rates and energy conservation strategies. This layer of regulation above the genome offers an additional dimension for understanding how pandas evolved such a paradoxical ecological niche relatively rapidly in evolutionary terms.;Anthropic
D2-87;Epigenetic regulation may have played an important role in the evolution of the giant panda, Giant Panda, particularly in its adaptation to a highly specialized bamboo diet. Epigenetic mechanisms such as DNA methylation and histone modification can modulate gene expression without altering the DNA sequence, allowing rapid phenotypic adjustments to environmental pressures. In pandas, these regulatory processes may influence genes involved in metabolism, digestion, and energy balance, helping compensate for the mismatch between a carnivore-like digestive system and a herbivorous diet. Epigenetic variation could therefore provide flexible regulatory responses that facilitate ecological adaptation and may contribute to evolutionary change when environmentally induced patterns become stabilized across generations.;OpenAI
D2-88;The core idea — that simple chemistry gradually gave rise to self-replicating molecules and eventually cellular life — is strongly supported by experiments like Miller-Urey, which demonstrated that amino acids form spontaneously under early-Earth conditions. However, the precise pathway from chemistry to biology remains unknown. Key unresolved questions include how the first self-replicating RNA molecules emerged, how lipid membranes formed and enclosed them, and where exactly this occurred — hydrothermal vents and tidal pools being leading candidate environments. It is science's most profound open question.;Anthropic
D2-89;In research areas such as Abiogenesis and Prebiotic Chemistry, scientists investigate how simple molecules present on the early Earth could have formed more complex structures like amino acids, nucleotides, and eventually self-replicating systems. Experiments such as the Miller–Urey experiment showed that organic molecules can arise under plausible early-Earth conditions. However, the exact pathway from chemistry to the first living cells remains unresolved, and several hypotheses exist (e.g., RNA-world, metabolism-first, hydrothermal vent scenarios). Thus, abiogenesis is widely supported as the general framework, but many details of the process are still actively studied.;OpenAI
D2-90;The origin of life on Earth is still not fully understood, but scientists believe it began around 3.5 to 4 billion years ago. It's thought that simple organic compounds, such as amino acids and nucleotides, formed in the primordial oceans through chemical reactions. These compounds eventually came together to form more complex structures, such as cells, through a process known as abiogenesis. Energy from the sun, lightning, and chemical reactions may have played a role in sparking the emergence of life, but the exact mechanism remains a subject of ongoing research and debate in the scientific community.;Meta
D2-91;"The prevailing scientific understanding suggests life arose from non-living matter through a process called abiogenesis on early Earth. Conditions were vastly different, with a primitive atmosphere rich in inorganic compounds and abundant energy from lightning, UV radiation, and volcanic activity. This energy facilitated the formation of simple organic molecules like amino acids and nucleotides from these inorganic precursors. These building blocks then polymerized into more complex molecules such as proteins and nucleic acids. A crucial step likely involved the emergence of self-replicating molecules, with the ""RNA world"" hypothesis suggesting RNA played both genetic and catalytic roles. Eventually, these self-replicating systems became encapsulated within lipid membranes, forming protocells that could maintain an internal environment, marking the dawn of cellular life.";Google
D2-92;Codon usage refers to the frequency at which different codons, sequences of three nucleotides, are used to encode specific amino acids in a genome. It varies between species, with some codons being more common than others, even if they code for the same amino acid. This variation affects translation efficiency and accuracy, as well as the overall evolution of the genome. The specific codon usage of an organism is influenced by factors such as mutation bias and natural selection, and it can be used to predict gene expression levels and understand evolutionary relationships between species. It's an important aspect of genetics.;Meta
D2-93;"Codon usage refers to the phenomenon where synonymous codons, which code for the same amino acid, are not used with equal frequency within an organism's genome. Despite the degeneracy of the genetic code, specific codons are ""preferred"" over others. This preference is primarily influenced by the cellular abundance of their corresponding transfer RNA (tRNA) molecules, directly impacting translation speed and efficiency. Optimizing codon usage can lead to faster, more accurate protein synthesis and improved protein folding. Conversely, employing rare codons can intentionally slow translation. This species-specific bias varies significantly between organisms and profoundly influences gene expression, especially when genes are transferred.";Google
D2-94;Quantum entanglement is a phenomenon where two or more particles become connected in such a way that their properties are correlated, regardless of the distance between them. This means that if something happens to one particle, it instantly affects the other particle, even if they are separated by large distances. The connection between the particles is not physical, but rather a fundamental aspect of quantum mechanics, allowing for instantaneous communication and correlation between the particles, which has been experimentally confirmed and has potential applications in fields like quantum computing and cryptography. It's a fascinating and complex topic.;Meta
D2-95;Black holes are formed when a massive star collapses in on itself, causing a massive amount of matter to be compressed into an incredibly small space. As the star runs out of fuel, it can no longer support its own weight, leading to a catastrophic collapse. The gravity becomes so strong that nothing, including light, can escape, creating a void in space known as a black hole. This process occurs when a star is at least three times larger than our sun, and the resulting black hole is a region of space where gravity is extremely strong.;Meta
D2-96;The evolutionary mechanisms that lead to codon reassignment and emergence of deviant codes are not thoroughly understood, but clearly they must involve changes in tRNA specificity or to the evolution of new specificities in the case of stop codon recruitment. Sengupta, Higgs, and coworkers  have captured these mechanisms within a gain and loss framework, where gain refers to acquisition of a new tRNA specificity, often following duplication of a tRNA gene, and loss refers to the elimination of a tRNA specificity, typically via deletion. There is no clear evidence that any modern code variants are associated with adaptation. Most likely, they emerge via neutral evolutionary processes, namely genetic drift and mutational pressure that drives small genomes toward low GC content.;Human
D2-97;The origin of the genetic code remains a fundamental question in evolutionary biology. It is believed to have emerged in early RNA-based life forms before the evolution of DNA and proteins. One theory suggests that the first genetic molecules were self-replicating RNA strands, which could both store information and catalyze chemical reactions. Over time, specific nucleotide sequences began coding for amino acids, leading to the formation of simple peptides. As natural selection favored more efficient protein synthesis, the code evolved into a triplet system to accommodate 20 amino acids. The universality of the genetic code suggests a common ancestor for all life, shaped by early biochemical constraints and evolutionary pressures.;OpenAI
D2-98;"Within cells, genetic information is stored in DNA molecules and RNA molecules. These molecules are made up of building blocks called nucleotides that are linked together in a chain. There are 4 kinds of nucleotide, with names beginning with letters A,C, T, and G. Messenger RNA is transcribed from sequences in the DNA called genes. Proteins are a different kind of molecule that is made of 20 different kinds of amino acid building blocks.
There is a molecular machine called a ribosome that uses a program consisting of a messenger RNA molecule. Sequences of 3 nucleotides encode one amino acid for that the ribosome puts together to make the protein. ";Human
D2-99;The emergence of the genetic code remains one of biology's greatest mysteries. The leading theory—the RNA world hypothesis—suggests that RNA initially served both as genetic material and catalyst before DNA and proteins evolved. Early protocells likely used simple nucleotide systems that gradually developed into more complex coding mechanisms. The modern code likely evolved through a process of chemical constraints, frozen accidents, and natural selection. Selection pressures would have favored error minimization, with similar amino acids often assigned to similar codons. The code's near-universality across all life forms suggests it emerged only once, about 3.5-4 billion years ago. Later refinements optimized the system, balancing robustness against mutations with translation efficiency.;Anthropic
D2-100;We have no idea. The building blocks of life as we know it are chemicals called amino acids. We know that they can form naturally, in lightning strikes and other energetic phenomena. But how did we get from amino acids to RNA, the fundamental unit of advanced life, is a complete mystery. How many times did that happen independently? Once? A zillion times? We don't know because we have no idea what the mechanism is. Some people argue that it happened so rapidly on Earth, that the probability must be high. Therefore, there must be abundant life near other stars.;Human